label_text,color,l,h,w,x,y,z,r
 ,Magenta,0.08128989183278186,0.040898976582320265,0.042169129911966946,-0.017782163270617705,-0.02425995130838457,0.6066257874435835,-1.6615927
 ,Magenta,0.09297531457866892,0.036580452233237165,0.040898976582320265,-0.006096741660337309,-0.028451461838645213,1.6860032074425597,1.3815928
 ,Magenta,0.08560841315358056,0.035818357207164746,0.03886672822660118,0.05563277034764375,-0.03188088188526005,1.7337609484109995,1.3915927
