label_text,color,l,h,w,x,y,z,r
 ,Magenta,0.11727336210890446,0.037278949299298716,0.042974341759378566,-0.12346329426951441,-0.05643618661930907,1.2173955182014904,-1.6910703
