label_text,color,l,h,w,x,y,z,r
 ,Magenta,0.08145729252969992,0.034346664960503225,0.03156179934631653,0.1241585433849639,-0.04223711342860745,1.3655119167321241,-1.75
