label_text,color,l,h,w,x,y,z,r
 ,Magenta,0.13830217747429843,0.04794475197008303,0.05255482729087097,0.3137707774724044,-0.03933928376350559,0.39065461343672214,-2.9649084
 ,Magenta,0.10756836191737029,0.0442566984347623,0.046715402036329755,0.4681324638089587,-0.04794475197008303,1.4527633379983196,0.16013694
