label_text,color,l,h,w,x,y,z,r
 ,Magenta,0.1431939258161345,0.042571170513378845,0.0477313098310403,0.1351312065236069,-0.0258007076192665,1.4322617445769688,-1.35
 ,Magenta,0.13416367373700755,0.04579625528880075,0.050311377651377824,0.14770904450172517,-0.022575619166858185,1.068471887750465,-1.27
 ,Magenta,0.11094304129205138,0.04676378439841373,0.051278906760990804,-0.11836075098346738,-0.030477082382121466,0.1951178568861825,-1.24
 ,Magenta,0.10417035590969256,0.046441275920871536,0.043538695946005415,-0.20672816207770137,-0.04257116315940603,1.5074064036936194,1.68
