label_text,color,l,h,w,x,y,z,r
 ,Magenta,0.19421355113650263,0.07347355900925752,0.08096130843504427,-0.14875221160720492,0.08189727493750537,0.6023472109197336,1.3494828
