label_text,color,l,h,w,x,y,z,r
 ,Magenta,0.19704396980107583,0.07454435206082503,0.0821412235793882,-0.047480476121596435,-0.04581865995672187,0.6276919038712366,1.5215927
