label_text,color,l,h,w,x,y,z,r
 ,Magenta,0.08135928005438142,0.04093388753110252,0.04220512505066157,-0.017797341943607936,-0.024280659355097725,0.6071435970213563,-1.6615927
 ,Magenta,0.09305467735780194,0.036611676933732434,0.04093388753110252,-0.006101945776763407,-0.028475747715946565,1.6874423625642843,1.3815928
 ,Magenta,0.08568148762088218,0.035848931391127686,0.03889990446893872,0.05568025791233408,-0.031908095080494636,1.7352408690527499,1.3915927
