label_text,color,l,h,w,x,y,z,r
 ,Magenta,0.12951900507960123,0.054440678119551375,0.056575608918876814,-0.06710883117836436,-0.033269306123096073,2.4353907350122417,-1.6975486
