label_text,color,l,h,w,x,y,z,r
 ,Magenta,0.14502888050246565,0.043116695361073216,0.048342960167488555,0.07381399651061761,-0.026131329872883968,1.4551866412370065,-1.6409115
 ,Magenta,0.1358829083300279,0.0463831084314131,0.050956090623760456,0.008060512164566797,-0.022864912908672562,1.0924257196033453,-1.7342144
 ,Magenta,0.11236471864809464,0.04736303624638659,0.05193601843873395,0.14712942171073487,-0.03086763077181256,0.17825961623970954,-1.7315749
 ,Magenta,0.10550524341263784,0.047036394939352605,0.04409661928217518,0.42741130673381716,-0.04311669146720169,1.480554497772375,1.6026351
