label_text,color,l,h,w,x,y,z,r
 ,Magenta,0.24101268043025925,0.07602413451809237,0.0857293453237579,-0.2593152456624983,-0.05796166235052478,2.247025437990557,1.446697
