label_text,color,l,h,w,x,y,z,r
 ,Magenta,0.16297259558589466,0.08099244068530305,0.08346172622352449,-0.1708743093082033,-0.04741021389879727,2.050985491444718,-1.5115927
