label_text,color,l,h,w,x,y,z,r
 ,Magenta,0.10892878501013714,0.04551779312868979,0.04897086368351332,0.09919739687129847,-0.032804200208167524,0.6319124878265778,1.5515927
