label_text,color,l,h,w,x,y,z,r
 ,Magenta,0.10926728679688613,0.05120885101076571,0.05381821663947227,0.12954727671204228,-0.028213791134089415,0.18128191788317718,-1.4695306
 ,Magenta,0.1288375523417543,0.04664245338400623,0.05544907404567536,-0.11040181151178978,-0.03082316065105747,0.37685860921253694,-4.6181645
 ,Magenta,0.10567940905741462,0.04925182290097429,0.05218736312153067,0.1443533254384413,-0.0288661344853968,0.5524587505536418,-1.5244216
 ,Magenta,0.13373011289557912,0.04729479867944437,0.05675375686002864,0.16210838721146936,-0.02919230518898512,0.7356570214431337,-1.4731077
 ,Magenta,0.12361881330781821,0.05023033501173925,0.05479672875023723,-0.07791915835276521,-0.03229093076133566,0.7672213061201646,-4.5843987
 ,Magenta,0.10926728679688613,0.04859948149379765,0.04957799360456261,-0.059831257507688584,-0.03245401611312982,0.9465197440506146,-4.576313
 ,Magenta,0.14253672966898676,0.04990416430815093,0.05381821663947227,0.17695896430848437,-0.0321278454095415,0.9490517177225677,-1.485658
 ,Magenta,0.11350751372005728,0.05349204593588395,0.04729479867944437,0.027393539042606,-0.03196475811361659,1.4050616753549505,-4.343692
