label_text,color,l,h,w,x,y,z,r
 ,Magenta,0.10914510339806896,0.04064714296591489,0.04315622645587208,0.2436319497455996,-0.023083563022804367,1.183283487918487,-2.03
