label_text,color,l,h,w,x,y,z,r
 ,Magenta,0.12702744283708275,0.04403617950736651,0.0482704309827135,-0.18957873802270298,-0.03613224950545175,0.41935308210127975,-6.2077627
 ,Magenta,0.09879912671432334,0.04064878576479956,0.04290704713291834,-0.0835356192286814,-0.04403617950736651,1.399404660758337,-3.049623
