label_text,color,l,h,w,x,y,z,r
 ,Magenta,0.15841420941152157,0.05960946979797977,0.06124260482168652,0.10890964954680403,-0.03960354991566372,0.3787691302401172,1.4615753
 ,Magenta,0.13024260709902177,0.05960946979797977,0.06328402238271161,-0.1571883966617634,-0.03511242738186183,0.33837310226221123,-1.6664736
 ,Magenta,0.1816863920296011,0.058792899848909716,0.06900000227733526,-0.17301487259026732,-0.0351124298190785,0.5365870599689134,-1.6635038
 ,Magenta,0.15147337703050953,0.05797632989983967,0.06777514491651351,-0.2191835944948134,-0.03429585743279178,0.7939656418117256,-1.8309458
 ,Magenta,0.180869807457231,0.0714497023756787,0.0751242598348439,-0.31665393360687977,-0.025517753633847163,1.0065433457386752,-2.0963855
 ,Magenta,0.1898520817714349,0.06042603487261647,0.06981656735197195,0.07864959626589392,-0.03388757489547343,1.841579325140084,-1.648911
