label_text,color,l,h,w,x,y,z,r
 ,Magenta,0.10207369155408899,0.04110535059272844,0.04524347358619346,0.2162858861737236,-0.029656549238755353,1.1517774881898426,0.0015926361
