label_text,color,l,h,w,x,y,z,r
 ,Magenta,0.07575628923774867,0.038114881731128786,0.03929857311375772,-0.016334949521246502,-0.020951349406313362,0.5920827369586265,-1.59
 ,Magenta,0.08759320888539471,0.033143373267001904,0.03574749605519257,-0.17589662328619607,-0.027935130601298923,1.125691017159506,1.55
 ,Magenta,0.09587905438515394,0.03456380758324198,0.03929857311375772,-0.11150377947158455,-0.02320036361544401,1.4327407574110365,1.56
