label_text,color,l,h,w,x,y,z,r
 ,Magenta,0.11407481805281992,0.039127110605651834,0.04684231919812352,-0.5257361168452294,-0.05345535653588333,0.87402250799986,-1.65
 ,Magenta,0.11324819206415818,0.04188254037734627,0.0471178611943441,-0.6004082986453246,-0.053179808000003666,0.8709915591207519,-1.64
