label_text,color,l,h,w,x,y,z,r
 ,Magenta,0.1400093200192931,0.04592561116133075,0.05357987506318014,-0.2843903643929898,-0.03189278343642233,1.8879685170387643,1.2620833
