label_text,color,l,h,w,x,y,z,r
 ,Magenta,0.08115680179183321,0.03788947127212359,0.03984505723975807,-0.0030476610204966535,-0.021144769489082456,0.2476218772203785,-1.5923071
 ,Magenta,0.09680148953290907,0.033489403566082265,0.04448957283118557,-0.4058226272482432,-0.05194523910455413,1.1156052271648451,-4.7420735
 ,Magenta,0.07186777060897821,0.03373385145146845,0.04375622629048199,-0.4764349053949991,-0.05353415612865439,1.0816934079376679,-4.6680717
 ,Magenta,0.1161128955547776,0.03422274722224081,0.04277843474893727,-0.3279064964338946,-0.047911848995682176,1.2247521656587295,-4.724783
 ,Magenta,0.10413493763267463,0.03886726569821335,0.04228953897816491,0.3634417606893739,-0.030189351344278754,0.6607836408912181,-3.1103296
 ,Magenta,0.08775690046635015,0.03788947127212359,0.043022882634323446,0.5353163619010213,-0.024078146998261652,0.6615872520646996,-3.0728965
 ,Magenta,0.0906902866291645,0.031778265483833966,0.04008950512514425,0.1081507435549456,-0.023955924497841088,0.10226743701711272,-1.246649
