label_text,color,l,h,w,x,y,z,r
 ,Magenta,0.11683519310994361,0.03713966373977795,0.04281377788371088,0.13223243874919538,-0.05622532966720397,1.2118753911026081,-1.4429089
