label_text,color,l,h,w,x,y,z,r
 ,Magenta,0.12981806420041328,0.06304480576495247,0.05321524064331018,0.16778052371588856,-0.030505552154155784,0.9029642871945326,1.5915928
 ,Magenta,0.125411711044358,0.05084258490329017,0.04948678393219622,0.17354268592424904,-0.03728456307053391,0.1399865876460403,1.5815928
