label_text,color,l,h,w,x,y,z,r
 ,Magenta,0.08145728928092566,0.03434666254213996,0.031561797313278336,0.12415854463837714,-0.04223710828136788,1.3655119002564666,-1.75
